time,priceUsd
1647742740000,42072.3765094741798786
1647742800000,42073.5811869192374886
1647742860000,42074.7436285284896233
1647742920000,42073.6798728420771544
1647742980000,42054.7487603658263934
1647743040000,42062.8147688560341466
1647743100000,42059.9711963018125063
1647743160000,42050.3617681290294981
1647743220000,42037.6441361333643009
1647743280000,42020.2821102393487207
1647743340000,42010.7869955457121358
1647743400000,41996.7680660530051376
1647743460000,41972.8279037911087722
1647743520000,41951.2639250231329346
1647743580000,41949.8054097111750687
1647743640000,41965.4721291792028193
1647743700000,41944.8455173227676089
1647743760000,41936.4670464100843375
1647743820000,41925.2936408602744276
1647743880000,41899.1270015630201056
1647743940000,41895.6094975685320429
1647744000000,41884.3843469270546424
1647744060000,41885.6207498784445757
1647744120000,41876.9428545943261556
1647744180000,41880.6899488759562665
1647744240000,41886.0875972348201200
1647744300000,41890.2166842881710143
1647744360000,41897.3114631338690763
1647744420000,41910.3661657378472473
1647744480000,41911.0849725808393938
1647744540000,41909.2772817618443520
1647744600000,41873.8459598159934788
1647744660000,41856.9152544249476379
1647744720000,41856.3468654962302167
1647744780000,41858.0008161430948182
1647744840000,41856.2695770953945200
1647744900000,41869.0996514862352963
1647744960000,41856.9868678112074475
1647745020000,41858.2671457333404183
1647745080000,41869.6045560206974187
1647745140000,41882.0700621374978796
1647745200000,41878.0214144231175114
1647745260000,41878.5507909425934412
1647745320000,41890.0742652849681569
1647745380000,41900.7100171557210687
1647745440000,41912.4061385944472775
1647745500000,41932.6711302478704868
1647745560000,41933.1686468921116639
1647745620000,41948.0897337456420813
1647745680000,41946.3033486480102932
1647745740000,41952.1575413229198201
1647745800000,41959.4500650437018323
1647745860000,41961.7351335469947344
1647745920000,41943.6229749145201999
1647745980000,41934.4776235388186785
1647746040000,41927.4773277036178039
1647746100000,41920.2614770120877075
1647746160000,41937.1290430356246700
1647746220000,41951.4471725547357986
1647746280000,41956.3088294364481996
1647746340000,41965.5753485248457591
1647746400000,41953.9769913144029918
1647746460000,41953.9898142603386188
1647746520000,41961.7226148790980993
1647746580000,41973.1096438517732486
1647746640000,41975.9277404603903730
1647746700000,41984.8283966309699924
1647746760000,41976.6497760192045673
1647746820000,41975.5581445055157631
1647746880000,41966.8286723508229778
1647746940000,41977.4074042580869914
1647747000000,41983.9279127327349558
1647747060000,41988.0715089310969484
1647747120000,42000.1620296375798379
1647747180000,41990.0046468152563414
1647747240000,41982.7493870952944806
1647747300000,41994.1486521590194509
1647747360000,42003.3729595405519555
1647747420000,42002.8537973450025723
1647747480000,42000.3096725555458800
1647747540000,41995.9043807900550713
1647747600000,41996.9337042976420405
1647747660000,42001.1821616430011901
1647747720000,42002.6231924308709047
1647747780000,42010.0115774141707910
1647747840000,42010.5365744576799144
1647747900000,42010.6849229159822441
1647747960000,42016.2310172658786207
1647748020000,42014.6871849606002820
1647748080000,41995.4156864691587593
1647748140000,42012.4415384707771618
1647748200000,42018.2118147848061797
1647748260000,42031.5245927303866962
1647748320000,42029.8895139991865221
1647748380000,42028.7483244402582074
1647748440000,42032.1710438134177698
1647748500000,42027.5689345781700708
1647748560000,42026.1671584138832047
1647748620000,42008.0010080863008761
1647748680000,41996.8158372546330301
1647748740000,42006.9117100355633836
1647748800000,42010.1043183841431754
1647748860000,42017.7390879873100837
1647748920000,42020.1768022906782512
1647748980000,41992.7975846367322726
1647749040000,41967.8919569438706271
1647749100000,41963.0561915774725700
1647749160000,41971.3246755744383622
1647749220000,41963.8207667526965214
1647749280000,41954.3580652675714261
1647749340000,41972.7721489152118504
1647749400000,41987.3164972497272272
1647749460000,41998.6753112501828312
1647749520000,41993.2652880053126767
1647749580000,42002.6753294207365965
1647749640000,42008.0587663857775175
1647749700000,42001.4888707602592659
1647749760000,41985.9436788855031279
1647749820000,41968.2784370285324349
1647749880000,41955.5963650014948530
1647749940000,41957.5587364232991250
1647750000000,41954.2927390222793748
1647750060000,41956.2964968904562601
1647750120000,41978.0386017390929769
1647750180000,41982.7701649245281408
1647750240000,41977.8345834935602796
1647750300000,41976.0453191498651032
1647750360000,41993.4898852687809765
1647750420000,42001.5243176025889666
1647750480000,41988.0358440298620122
1647750540000,41979.6240555157065106
1647750600000,41972.7020221873195945
1647750660000,41953.6761127177125433
1647750720000,41929.1226329582661254
1647750780000,41941.5692164806987848
1647750840000,41963.5238029360102046
1647750900000,41966.4506336842426896
1647750960000,41969.4040293919696086
1647751020000,41975.9259803438373199
1647751080000,41976.3045648194785147
1647751140000,41975.8933583427776240
1647751200000,41978.4549161520306752
1647751260000,41985.7304467400240343
1647751320000,41985.5851044331989958
1647751380000,41985.5616392119060611
1647751440000,41980.0752995356475072
1647751500000,41979.9980617487542004
1647751560000,41984.3113764583865129
1647751620000,41982.9363334431721641
1647751680000,41975.3334545500475247
1647751740000,41959.5263873190709570
1647751800000,41944.5729079541933457
1647751860000,41941.0836318808915334
1647751920000,41931.9514343695486320
1647751980000,41929.2431327548661125
1647752040000,41933.0030233668294808
1647752100000,41944.1072995704174667
1647752160000,41931.8954374522477329
1647752220000,41916.6879349579001944
1647752280000,41908.2075380904191652
1647752340000,41908.5529776977123329
1647752400000,41918.3581122152871886
1647752460000,41924.2686478482374741
1647752520000,41930.3193627525404614
1647752580000,41903.0280925289383987
1647752640000,41894.4277522272271839
1647752700000,41893.6675718462820801
1647752760000,41920.6335697926732802
1647752820000,41933.2551552262050976
1647752880000,41929.4696224608228975
1647752940000,41943.9195541953242553
1647753000000,41948.8005414233932364
1647753060000,41948.9897547524491161
1647753120000,41954.0927570332054814
1647753180000,41969.0692865421658403
1647753240000,41977.6507423663812415
1647753300000,41987.1999053946941224
1647753360000,41977.1455102861953084
1647753420000,41980.8456496734778970
1647753480000,41960.8379617523432220
1647753540000,41964.3081563087395205
1647753600000,41966.4611180014659670
1647753660000,41964.8051976712280698
1647753720000,41962.7812506046931967
1647753780000,41945.1389051714277730
1647753840000,41955.7484804350000571
1647753900000,41968.7842602257269166
1647753960000,41957.8336661073190705
1647754020000,41943.0013055811575520
1647754080000,41937.4916838363054338
1647754140000,41935.8092913522306074
1647754200000,41922.0598367410836305
1647754260000,41880.4423660821670996
1647754320000,41887.9411145950456223
1647754380000,41906.7285016963309768
1647754440000,41922.4360395328614692
1647754500000,41922.9976772155874335
1647754560000,41914.3063541201814951
1647754620000,41915.0981460046201678
1647754680000,41924.2360895014911986
1647754740000,41925.6109943771666980
1647754800000,41933.2762220094254787
1647754860000,41941.0985280377255844
1647754920000,41948.5245947676868743
1647754980000,41946.3001726523462672
1647755040000,41941.7476696154833004
1647755100000,41937.5908114891212691
1647755160000,41934.2378593943329019
1647755220000,41931.6382907629789468
1647755280000,41925.6086481155322310
1647755340000,41919.8773566505681221
1647755400000,41913.2713060116172914
1647755460000,41909.3792448187687671
1647755520000,41923.2135117041052227
1647755580000,41936.3649881051555096
1647755640000,41945.1909176380356063
1647755700000,41952.0100050574240257
1647755760000,41958.7485918022639431
1647755820000,41965.0796419769044583
1647755880000,41968.7925184301572400
1647755940000,41967.3318455291070132
1647756000000,41965.0701619014375431
1647756060000,41956.1268703947482022
1647756120000,41950.3008788342403724
1647756180000,41941.5119197671051382
1647756240000,41939.6750901095214321
1647756300000,41930.5367421967357353
1647756360000,41932.1289910003554940
1647756420000,41934.9676184781885116
1647756480000,41930.1770807157641381
1647756540000,41929.3539754646809611
1647756600000,41939.5425355083593953
1647756660000,41950.9430672146362637
1647756720000,41976.8918456315708665
1647756780000,41975.1371243526893851
1647756840000,41969.7295429925790831
1647756900000,41973.1301623258012669
1647756960000,41979.3787762622658710
1647757020000,41992.4607305854082090
1647757080000,41988.8476642522938740
1647757140000,42002.1426431937163271
1647757200000,42010.5789486599522467
1647757260000,42016.7454626825316118
1647757320000,42011.2610886741323128
1647757380000,42016.8414334415015747
1647757440000,42022.6463372511004803
1647757500000,42032.6764629608721284
1647757560000,42038.9878148798727647
1647757620000,42043.3108055520975951
1647757680000,42056.8393388349815435
1647757740000,42052.2770866363246075
1647757800000,42062.4977822721514077
1647757860000,42060.9870594132854790
1647757920000,42048.1583089821616758
1647757980000,42032.1064456104933959
1647758040000,42037.6375396865255692
1647758100000,42036.6816704425790437
1647758160000,42027.8565700429300176
1647758220000,42026.5963658250390661
1647758280000,42022.3768289373356378
1647758340000,42020.7306883733350397
1647758400000,42014.6388331568112399
1647758460000,42011.5472880730863659
1647758520000,42019.5766386017533528
1647758580000,42032.5946451970024426
1647758640000,42030.1521156371509088
1647758700000,42027.9347358150367227
1647758760000,42018.4369291213866087
1647758820000,42013.6494677589499920
1647758880000,42014.2175672464360875
1647758940000,42033.6692611347289488
1647759000000,42032.7467019157102882
1647759060000,42021.6812433357241828
1647759120000,42018.3506357606820568
1647759180000,42012.0007183976725705
1647759240000,42005.3790872267833112
1647759300000,42005.2819215166689301
1647759360000,42005.0193214138162989
1647759420000,41991.1142456601169741
1647759480000,41990.8753507349079697
1647759540000,41986.6815263259682026
1647759600000,41986.9584500495046549
1647759660000,41973.5355470585727521
1647759720000,41966.7858632941938262
1647759780000,41972.1170488420445004
1647759840000,41985.2183607482306474
1647759900000,41994.0405588602492354
1647759960000,41993.8209998027211053
1647760020000,41998.9428624367103759
1647760080000,41993.5107375355376011
1647760140000,41995.6420624100572015
1647760200000,42002.1164624569770672
1647760260000,42006.3553707324657749
1647760320000,42011.7726513662549089
1647760380000,42021.1171945835378250
1647760440000,42031.0714601405488747
1647760500000,42014.8678356228087081
1647760560000,42002.2735702034268981
1647760620000,42012.6949055031194506
1647760680000,42013.9748150570967078
1647760740000,42011.8144940583406181
1647760800000,41998.8913716423629359
1647760860000,41991.2652658055547138
1647760920000,41993.7138761352187620
1647760980000,42001.5940720234023189
1647761040000,42006.0474603192457502
1647761100000,41998.9092487052795510
1647761160000,41994.1480809227739762
1647761220000,41993.1909798013319912
1647761280000,41994.3462960422510829
1647761340000,41992.1707566704606595
1647761400000,41985.4940616807549858
1647761460000,41990.2474253066899879
1647761520000,41992.4378179882435400
1647761580000,41990.9135505894123967
1647761640000,41992.8954013528990938
1647761700000,41987.3294989043566653
1647761760000,41986.2584306837000753
1647761820000,41975.4060446016640383
1647761880000,41967.5174211474121503
1647761940000,41971.4907416356518024
1647762000000,41976.3375394309853556
1647762060000,41979.7123659366842213
1647762120000,41986.0840235260938159
1647762180000,41966.6163341543292050
1647762240000,41964.4377847973327499
1647762300000,41958.9529894239472804
1647762360000,41951.2658248554803011
1647762420000,41928.7778110247921599
1647762480000,41922.4583869797385630
1647762540000,41900.0792907985131320
1647762600000,41890.5017877332373336
1647762660000,41896.3345107620865811
1647762720000,41905.6445233138710119
1647762780000,41916.4174738378927079
1647762840000,41925.1356672285765195
1647762900000,41928.5117435402000163
1647762960000,41912.0937340123438967
1647763020000,41905.0288013309110433
1647763080000,41912.9000539042431091
1647763140000,41927.1587115686975307
1647763200000,41933.2309827387569851
1647763260000,41932.8403044470355393
1647763320000,41924.5533477749924531
1647763380000,41928.4068622643838954
1647763440000,41935.2466880121286597
1647763500000,41933.9982512210421340
1647763560000,41928.6325201019818994
1647763620000,41914.5448431795019447
1647763680000,41909.4661281598459238
1647763740000,41910.3407527744321132
1647763800000,41926.3988238988873657
1647763860000,41937.6665180758561185
1647763920000,41942.4774312821691181
1647763980000,41948.6890042758103866
1647764040000,41950.2906542955588605
1647764100000,41949.8801535452760948
1647764160000,41951.3324565452209002
1647764220000,41966.7397598562773932
1647764280000,41966.6096027819798680
1647764340000,41978.8667116167464433
1647764400000,41982.2801132830859802
1647764460000,41969.3444675967135317
1647764520000,41967.3728457176119629
1647764580000,41967.9312887371667836
1647764640000,41974.0613834490726983
1647764700000,41976.0760926965250210
1647764760000,41985.5904338881567908
1647764820000,41981.7781644399153404
1647764880000,41974.5382673254878145
1647764940000,41978.6880058086279690
1647765000000,41979.6169883704420866
1647765060000,41969.8736674852373277
1647765120000,41975.1079330332355717
1647765180000,41980.2584594328069083
1647765240000,41989.5616209539928838
1647765300000,41991.2555024578182243
1647765360000,41993.4880185078410817
1647765420000,41998.9172832232874034
1647765480000,42001.3186152547513633
1647765540000,41999.2393757980921188
1647765600000,41993.5175117001420691
1647765660000,41986.2920336572036211
1647765720000,41982.1102815348343254
1647765780000,41981.3119793384114957
1647765840000,41974.1059573733420953
1647765900000,41963.9207251859704237
1647765960000,41968.1653153854884933
1647766020000,41964.7384333764090721
1647766080000,41954.0831178981392489
1647766140000,41957.6484899396146876
1647766200000,41974.0877429719925977
1647766260000,41979.7638326918193744
1647766320000,41978.7632041162260799
1647766380000,41967.6616702355552595
1647766440000,41959.2611431141373738
1647766500000,41947.3514313328263385
1647766560000,41942.2916612551526183
1647766620000,41943.6739206045374266
1647766680000,41951.1662038099458389
1647766740000,41949.3788362058043580
1647766800000,41944.7254323314063680
1647766860000,41936.6812777354879596
1647766920000,41938.6819920491045632
1647766980000,41935.5295565117375536
1647767040000,41937.2679615243684936
1647767100000,41938.7469956680544694
1647767160000,41927.3650654398212214
1647767220000,41918.7043755906818441
1647767280000,41918.1080669388514931
1647767340000,41916.7798766348157974
1647767400000,41921.7202282900701661
1647767460000,41918.0650944935659659
1647767520000,41913.8947193552115472
1647767580000,41910.7627001504290089
1647767640000,41895.9862826882032282
1647767700000,41891.4350239533158074
1647767760000,41894.6508942076174174
1647767820000,41884.3667964444376664
1647767880000,41876.8306229579400462
1647767940000,41875.1398943447903025
1647768000000,41867.1207389233554591
1647768060000,41874.3060647811948240
1647768120000,41863.7304996469953286
1647768180000,41859.4502670199060838
1647768240000,41862.6643592655767279
1647768300000,41860.0352802777387279
1647768360000,41849.4226185698074772
1647768420000,41832.0073696283484537
1647768480000,41811.9165192063361635
1647768540000,41770.6601650892721880
1647768600000,41767.1702571570173813
1647768660000,41754.4913788363881875
1647768720000,41732.1768587399225636
1647768780000,41772.8059136822639436
1647768840000,41782.4487654087689378
1647768900000,41786.6649679049546576
1647768960000,41788.3768057665089299
1647769020000,41799.6563490227095967
1647769080000,41804.4059603700737632
1647769140000,41804.7168015113421205
1647769200000,41824.3015360127779784
1647769260000,41832.2433319389049015
1647769320000,41821.8780405299524664
1647769380000,41824.3689839578032291
1647769440000,41838.3182879637357582
1647769500000,41843.8689727511288718
1647769560000,41837.1638595223952278
1647769620000,41823.7644301695188140
1647769680000,41809.5880972558906115
1647769740000,41803.1170405921610444
1647769800000,41800.9611867126611596
1647769860000,41800.4121011782839534
1647769920000,41805.4738872595526740
1647769980000,41821.8226654242829184
1647770040000,41823.9025579418338423
1647770100000,41831.0000655953706845
1647770160000,41835.5456050276996370
1647770220000,41843.4996294948147775
1647770280000,41845.1386404497794686
1647770340000,41842.1205636843987280
1647770400000,41852.4240112708949675
1647770460000,41859.9466685649096744
1647770520000,41854.0683049650953227
1647770580000,41826.0553466954794497
1647770640000,41810.1047312591089421
1647770700000,41808.4771950881845506
1647770760000,41808.3724206403899250
1647770820000,41808.5229985321504317
1647770880000,41807.0531361235338446
1647770940000,41799.3979048495489045
1647771000000,41789.6109291335966144
1647771060000,41787.5696644719041782
1647771120000,41782.4569587210147462
1647771180000,41796.0482678902831086
1647771240000,41803.8991174865040295
1647771300000,41781.6900962606303043
1647771360000,41768.4286684113079562
1647771420000,41760.3491386518677835
1647771480000,41763.5201332768613062
1647771540000,41758.8374763055902434
1647771600000,41775.6422758076302611
1647771660000,41790.3303704796809095
1647771720000,41793.7991822438482589
1647771780000,41797.0471252400129467
1647771840000,41796.7093236622577410
1647771900000,41784.6845373357072205
1647771960000,41779.3472038418869316
1647772020000,41780.0586325501875032
1647772080000,41781.5643897670270562
1647772140000,41779.3618092396794657
1647772200000,41784.8210016145479853
1647772260000,41801.6742782757030985
1647772320000,41811.8547289592790867
1647772380000,41819.2012530539989289
1647772440000,41823.4915275963559772
1647772500000,41829.2989604298441477
1647772560000,41827.1404276589581538
1647772620000,41834.7317094690774711
1647772680000,41842.7535978782310659
1647772740000,41846.3692010919651804
1647772800000,41860.1240031699444106
1647772860000,41874.3960802802811930
1647772920000,41876.8939521135759997
1647772980000,41881.6189785201431516
1647773040000,41868.7934889223511431
1647773100000,41866.6222199480032728
1647773160000,41865.1637239389615139
1647773220000,41855.4646238941813760
1647773280000,41851.1336929460462963
1647773340000,41859.5531230298779376
1647773400000,41870.3293542403196855
1647773460000,41872.2814809482234121
1647773520000,41871.8199832132669070
1647773580000,41871.3191157234003571
1647773640000,41859.3522591414029102
1647773700000,41849.2505965618309067
1647773760000,41841.8071415379738717
1647773820000,41844.4670572963189233
1647773880000,41844.2473827938618296
1647773940000,41841.2255928959694957
1647774000000,41840.0794835807428764
1647774060000,41833.7082440687824897
1647774120000,41818.0864436470294651
1647774180000,41811.1589409561594666
1647774240000,41817.8252327334874297
1647774300000,41832.7126948199471138
1647774360000,41839.4437673634592204
1647774420000,41838.9701233419895048
1647774480000,41848.4156003531860114
1647774540000,41848.1083365326798371
1647774600000,41839.8959075482910762
1647774660000,41827.1689474214208376
1647774720000,41816.3434837508782608
1647774780000,41814.9828395941497194
1647774840000,41806.9792510677189953
1647774900000,41810.5506038228871134
1647774960000,41806.0070070990403558
1647775020000,41783.6072243741502675
1647775080000,41777.3846630460578280
1647775140000,41783.6639587286617820
1647775200000,41808.7580438260087647
1647775260000,41810.8319853451412172
1647775320000,41815.0336267226787899
1647775380000,41825.1949965453308337
1647775440000,41832.9267570497435811
1647775500000,41822.0680318300744467
1647775560000,41822.4686634492093191
1647775620000,41825.3112937115113949
1647775680000,41812.5815430697851112
1647775740000,41815.0311554689583666
1647775800000,41812.7746196381300888
1647775860000,41773.4101153306025246
1647775920000,41759.5598490003734348
1647775980000,41748.3680862823047232
1647776040000,41741.6326101605291104
1647776100000,41732.8431494771412456
1647776160000,41751.7727071997391493
1647776220000,41758.1474378647623893
1647776280000,41762.3852026677595987
1647776340000,41765.7924033819372950
1647776400000,41759.4973925340646551
1647776460000,41757.7911471373702494
1647776520000,41745.0658280691795736
1647776580000,41739.9690402267890163
1647776640000,41740.1813690361085606
1647776700000,41738.3898134845470354
1647776760000,41740.9399626330390938
1647776820000,41762.7348983656475452
1647776880000,41764.4728396966426837
1647776940000,41766.4591566868303429
1647777000000,41739.0678965358895784
1647777060000,41722.1055421015013049
1647777120000,41721.9578178767094520
1647777180000,41726.4101867325103970
1647777240000,41729.3474961617099952
1647777300000,41729.0555861241541848
1647777360000,41704.3807959024492710
1647777420000,41688.5359327696696219
1647777480000,41694.8376727480040196
1647777540000,41670.2909578071670242
1647777600000,41654.8563577228884578
1647777660000,41658.2590556790830976
1647777720000,41569.5614341325180025
1647777780000,41552.1721121822780100
1647777840000,41556.9146965348176612
1647777900000,41548.6207414887015333
1647777960000,41535.5574789661407885
1647778020000,41500.3293208151228963
1647778080000,41479.6260258247026786
1647778140000,41516.3114925740459948
1647778200000,41519.7171107376325196
1647778260000,41506.5039719122840231
1647778320000,41482.6964505877445785
1647778380000,41492.2921392415696350
1647778440000,41494.2789084381726263
1647778500000,41492.9013075700584922
1647778560000,41485.7978489662130349
1647778620000,41524.8144914006185603
1647778680000,41529.6180267436082126
1647778740000,41530.1492795237251004
1647778800000,41521.9730634492151902
1647778860000,41524.2992710795280696
1647778920000,41536.9977290851167572
1647778980000,41550.0052412716668445
1647779040000,41561.8827283764569456
1647779100000,41563.0254837729222640
1647779160000,41556.2031528406000739
1647779220000,41580.2774992036099696
1647779280000,41601.4682812860443897
1647779340000,41612.2159217692625823
1647779400000,41591.0929355538257986
1647779460000,41572.3753669416081991
1647779520000,41573.5149143670408184
1647779580000,41597.8294357920478843
1647779640000,41648.0702423329321688
1647779700000,41671.7967746414613824
1647779760000,41675.1446276269545933
1647779820000,41682.6371853760387421
1647779880000,41666.1407131517469648
1647779940000,41661.9437516100885146
1647780000000,41677.0187310933551628
1647780060000,41683.2218555365307416
1647780120000,41704.4413146774506160
1647780180000,41721.1032603065349737
1647780240000,41725.7130404391897352
1647780300000,41736.8852394333166571
1647780360000,41738.3106129959514052
1647780420000,41737.2592207295126751
1647780480000,41727.1953024717835492
1647780540000,41713.9961140191926542
1647780600000,41721.0166935149162735
1647780660000,41714.9643283842998302
1647780720000,41717.9337588977358681
1647780780000,41729.6092013386415361
1647780840000,41735.0032886146109563
1647780900000,41726.1344321270946470
1647780960000,41712.6035093640326973
1647781020000,41709.7987686640480010
1647781080000,41725.7142138406658204
1647781140000,41720.4681857331512888
1647781200000,41708.3361927423516041
1647781260000,41713.1225977834192546
1647781320000,41721.1686296757252486
1647781380000,41722.3653752710788652
1647781440000,41714.6698085142000032
1647781500000,41704.8074611353891321
1647781560000,41695.5727854909144327
1647781620000,41676.0989933648276822
1647781680000,41669.2611706321198102
1647781740000,41705.1762513173527676
1647781800000,41708.6463187111041130
1647781860000,41697.6254335998487994
1647781920000,41686.7917691997014532
1647781980000,41654.0927003086867213
1647782040000,41634.6577887798081952
1647782100000,41639.6139982773162343
1647782160000,41647.0098954266708587
1647782220000,41644.8341790146596378
1647782280000,41624.5262742647717986
1647782340000,41600.5606149269240738
1647782400000,41598.0821443922197815
1647782460000,41600.8990047337545722
1647782520000,41599.5974129561605368
1647782580000,41582.0863751723674267
1647782640000,41579.1412583001587421
1647782700000,41593.9768935286798749
1647782760000,41582.9184662086239448
1647782820000,41562.4185358724861845
1647782880000,41582.8619682001165393
1647782940000,41584.7555333570427505
1647783000000,41578.3543457873119553
1647783060000,41566.0400078899191074
1647783120000,41589.5216938275036908
1647783180000,41610.8274716114891025
1647783240000,41602.3779087340430485
1647783300000,41596.4864078203425539
1647783360000,41581.8867951813258357
1647783420000,41568.3822005642247373
1647783480000,41555.9022150464991018
1647783540000,41542.5521397027068649
1647783600000,41528.9902360337932834
1647783660000,41558.8555231847601375
1647783720000,41585.1026319058941328
1647783780000,41604.3567756719829811
1647783840000,41607.1376990635903380
1647783900000,41608.1555906350119909
1647783960000,41618.3925118293007153
1647784020000,41618.4877446755059304
1647784080000,41621.4849671819340911
1647784140000,41628.1451048580470256
1647784200000,41620.7144753618963620
1647784260000,41609.0064404905078647
1647784320000,41594.7713258664678195
1647784380000,41576.0516854067429387
1647784440000,41583.3632255732508595
1647784500000,41585.8906904250749784
1647784560000,41574.6041926852568367
1647784620000,41554.9807713007518004
1647784680000,41557.6515656309713851
1647784740000,41546.1964582173173683
1647784800000,41545.5720933989410560
1647784860000,41539.5553252507487387
1647784920000,41532.1767114844798779
1647784980000,41567.8096414720217294
1647785040000,41618.6658196976512823
1647785100000,41610.7096679875194271
1647785160000,41564.8986167037108666
1647785220000,41560.1325511495556050
1647785280000,41599.2336017600128668
1647785340000,41601.7076255955563152
1647785400000,41615.8254870700674778
1647785460000,41617.7806737594393083
1647785520000,41615.9835962337907736
1647785580000,41622.1976474131197238
1647785640000,41620.3140367652868210
1647785700000,41615.5847034827906859
1647785760000,41622.6899359894192816
1647785820000,41630.3928122193805144
1647785880000,41639.3245996572751846
1647785940000,41633.9785646370449805
1647786000000,41645.2403894043933888
1647786060000,41649.0957438709099207
1647786120000,41634.6196807817488724
1647786180000,41628.3504193216907765
1647786240000,41631.2592575345515929
1647786300000,41630.5229989494760482
1647786360000,41624.2306206967560201
1647786420000,41618.6626459022200262
1647786480000,41606.0336660558108658
1647786540000,41599.2677477318186488
1647786600000,41600.5962044017250301
1647786660000,41592.1058098436509373
1647786720000,41587.2169022985382623
1647786780000,41588.7199532025835117
1647786840000,41590.9662836632425206
1647786900000,41581.9296099036116494
1647786960000,41575.2558319860951231
1647787020000,41577.5718821349701188
1647787080000,41575.0387433717552981
1647787140000,41574.0004962791753478
1647787200000,41575.0173691872590561
1647787260000,41574.7414389626786816
1647787320000,41556.4466115858026674
1647787380000,41530.5192627684676578
1647787440000,41515.4017163575024491
1647787500000,41499.2171295733163169
1647787560000,41499.2844639006923466
1647787620000,41523.3611577201952906
1647787680000,41516.5303856045354706
1647787740000,41524.1529559333746406
1647787800000,41530.6098103393741414
1647787860000,41524.7908756435910170
1647787920000,41500.1998589868436308
1647787980000,41503.4933709227929562
1647788040000,41510.3395656635689745
1647788100000,41506.4518869310204667
1647788160000,41492.3176861431576758
1647788220000,41474.7422698404226196
1647788280000,41454.3862657235352442
1647788340000,41454.2882357983066942
1647788400000,41458.0608363495187883
1647788460000,41464.3049134207793802
1647788520000,41473.6243955460584904
1647788580000,41494.8539965327686378
1647788640000,41501.1899170490001224
1647788700000,41484.0987855336171096
1647788760000,41467.7234224616535901
1647788820000,41484.4515574828355802
1647788880000,41490.5634810966918292
1647788940000,41500.8593192030062088
1647789000000,41515.8250963180453645
1647789060000,41520.1338248152645966
1647789120000,41532.9564802963878136
1647789180000,41547.4890315872828443
1647789240000,41559.9707062983830857
1647789300000,41568.8962764375728987
1647789360000,41564.6504255513190731
1647789420000,41589.3741969199946211
1647789480000,41587.1029226961161704
1647789540000,41563.4348305384317239
1647789600000,41554.0948659385375498
1647789660000,41547.7558131236547972
1647789720000,41540.6236706131419366
1647789780000,41513.7833950415098245
1647789840000,41495.6358266365643403
1647789900000,41492.7474444659180848
1647789960000,41487.1716892632741134
1647790020000,41452.7683127867506439
1647790080000,41440.0987408540388784
1647790140000,41437.3379221681796829
1647790200000,41472.9053672624472847
1647790260000,41447.5180321833420567
1647790320000,41431.3501821389190630
1647790380000,41404.8843770493901828
1647790440000,41410.2117707811816550
1647790500000,41402.9763416738772197
1647790560000,41392.2829976060715058
1647790620000,41383.5523896692455297
1647790680000,41393.6458754549762183
1647790740000,41390.6723234546600044
1647790800000,41391.5848086429972566
1647790860000,41394.1367904908145293
1647790920000,41389.6303196058398455
1647790980000,41382.1702642459208851
1647791040000,41382.2441806533243327
1647791100000,41383.0999220174712236
1647791160000,41386.4603159110351622
1647791220000,41400.8874449992010125
1647791280000,41409.1140448314802556
1647791340000,41396.6323563436636906
1647791400000,41382.6008451673879474
1647791460000,41357.0186757325849514
1647791520000,41366.6335139248024262
1647791580000,41389.7446439225583777
1647791640000,41414.6661031957067302
1647791700000,41420.7680166388572760
1647791760000,41423.3199497536939505
1647791820000,41422.4296894236382223
1647791880000,41420.8862090925396047
1647791940000,41422.2377791053258744
1647792000000,41414.3448965527019917
1647792060000,41391.8605257753386150
1647792120000,41371.7283654970164488
1647792180000,41371.1860129472060500
1647792240000,41367.1382717966221961
1647792300000,41347.7277154334002014
1647792360000,41319.8988683085935820
1647792420000,41332.9612439441691772
1647792480000,41357.8641072194151411
1647792540000,41382.9095962552093976
1647792600000,41407.9508265885790703
1647792660000,41404.1143415396790004
1647792720000,41409.0503840022020717
1647792780000,41426.9628831797667765
1647792840000,41426.9720908834342955
1647792900000,41446.0571754647383517
1647792960000,41463.2493684105383513
1647793020000,41474.1940669501462083
1647793080000,41495.5017898199476688
1647793140000,41500.4939842965891191
1647793200000,41518.4762663649875958
1647793260000,41495.4274914479732461
1647793320000,41462.0476015308124349
1647793380000,41452.8082181767570787
1647793440000,41435.9081318356433411
1647793500000,41416.0249188850423645
1647793560000,41418.2157536167906237
1647793620000,41429.7298703830910366
1647793680000,41441.8411844338717676
1647793740000,41432.6224156195889319
1647793800000,41443.3655779355623565
1647793860000,41448.8043676370977837
1647793920000,41461.1542464635186740
1647793980000,41469.7132178598913977
1647794040000,41476.3679670440195817
1647794100000,41470.8518961483781521
1647794160000,41466.1501594337670527
1647794220000,41472.4921175205223816
1647794280000,41468.7271592588152089
1647794340000,41465.7565167692872644
1647794400000,41475.3783448557104756
1647794460000,41458.7203148060108420
1647794520000,41442.9629041033868514
1647794580000,41417.5941617087311057
1647794640000,41402.2436866792840041
1647794700000,41380.0648496389528227
1647794760000,41419.7440346785657817
1647794820000,41413.0294833775110281
1647794880000,41412.0427668841744849
1647794940000,41419.5340901373759795
1647795000000,41426.8490633397859326
1647795060000,41430.7207587945700172
1647795120000,41436.1006359655101035
1647795180000,41430.7907174448398032
1647795240000,41402.0938787131520658
1647795300000,41354.3161243745871385
1647795360000,41345.9965193203258343
1647795420000,41366.0822029314134600
1647795480000,41359.8680816726474577
1647795540000,41347.6574563614146014
1647795600000,41350.5831978443436972
1647795660000,41349.2105503304981653
1647795720000,41340.0807164662940379
1647795780000,41327.8941364892119441
1647795840000,41310.2467732858816189
1647795900000,41299.5187091211913449
1647795960000,41347.6166367247191522
1647796020000,41338.3964292529701969
1647796080000,41315.0354051157187499
1647796140000,41306.7493417543219198
1647796200000,41305.5372301470982583
1647796260000,41322.3438990082825912
1647796320000,41316.8267153216749623
1647796380000,41334.1203412027128783
1647796440000,41329.1685560472300604
1647796500000,41328.4064591260206379
1647796560000,41328.0915006233090517
1647796620000,41334.3285565514950722
1647796680000,41343.7905226115265490
1647796740000,41344.2273319329548169
1647796800000,41332.6816592664638224
1647796860000,41309.2974206933911003
1647796920000,41295.0482773263448514
1647796980000,41284.5820365166086443
1647797040000,41277.9156900915522508
1647797100000,41281.3610858902311748
1647797160000,41285.1385041080443070
1647797220000,41279.1367202121836679
1647797280000,41275.9108517560599752
1647797340000,41282.9843712621914122
1647797400000,41264.7850563670342782
1647797460000,41243.4327624348350718
1647797520000,41229.6256362925214694
1647797580000,41207.0677751519980382
1647797640000,41185.5893626540722254
1647797700000,41201.7600013061812552
1647797760000,41193.1057700354247322
1647797820000,41205.2896640875843914
1647797880000,41171.8000488555983925
1647797940000,41171.0726800936820492
1647798000000,41149.1807785704473177
1647798060000,41074.1084078500482764
1647798120000,41110.2749433288552824
1647798180000,41089.1332223195368734
1647798240000,41062.3949560413385142
1647798300000,41090.0928951320186983
1647798360000,41125.8841225066831283
1647798420000,41139.3707635038686187
1647798480000,41142.7786878232971709
1647798540000,41135.1916234590046775
1647798600000,41111.6766593124833097
1647798660000,41084.8020448052185811
1647798720000,41073.9201631721620509
1647798780000,41074.3699533696041925
1647798840000,41061.6120004367464710
1647798900000,41035.9312994089046020
1647798960000,41009.8583882095158569
1647799020000,41039.4554403210315287
1647799080000,41045.7955010671956543
1647799140000,41057.8076479833932588
1647799200000,41069.5596296837979030
1647799260000,41058.1063464084359200
1647799320000,41030.4700074427505389
1647799380000,41041.4168667857755364
1647799440000,41095.0360317215604360
1647799500000,41144.8022650872434881
1647799560000,41173.2932424900308833
1647799620000,41175.9911495896179643
1647799680000,41146.7942229870822094
1647799740000,41149.9701547559405599
1647799800000,41163.4171086033662241
1647799860000,41184.2398228622290878
1647799920000,41192.8574068438308526
1647799980000,41187.8952805344107411
1647800040000,41171.2898632378578785
1647800100000,41156.8516566531577569
1647800160000,41164.5716987973055608
1647800220000,41152.6593912460390918
1647800280000,41140.2663542284487231
1647800340000,41178.5312628573613029
1647800400000,41189.5214650202435048
1647800460000,41207.9947506230333204
1647800520000,41220.9806285802807554
1647800580000,41224.9473621376030200
1647800640000,41232.8988457997847137
1647800700000,41248.7712422446727859
1647800760000,41269.1496968702345917
1647800820000,41265.9151354830069392
1647800880000,41256.6652471907648577
1647800940000,41226.0134404406509856
1647801000000,41221.8942981443434257
1647801060000,41228.5380739249347068
1647801120000,41215.9531096934371013
1647801180000,41202.9403732713516875
1647801240000,41199.5829436929989762
1647801300000,41198.4887959975592602
1647801360000,41201.0312152205192858
1647801420000,41212.6207751983763004
1647801480000,41205.3375412816339206
1647801540000,41196.3885786870260021
1647801600000,41194.7135547510723047
1647801660000,41197.6027197014751542
1647801720000,41201.3314223977079547
1647801780000,41197.4815381033821161
1647801840000,41208.8927818083399772
1647801900000,41217.0598968353291455
1647801960000,41219.1462411208900124
1647802020000,41211.7886900538219347
1647802080000,41176.3809410753960956
1647802140000,41181.1299527057637243
1647802200000,41206.3901509672244273
1647802260000,41218.8307466742685685
1647802320000,41234.6093622655101289
1647802380000,41252.8496741101064111
1647802440000,41264.0255931789122048
1647802500000,41279.9893437816217441
1647802560000,41264.0238677608117430
1647802620000,41261.5124170059781613
1647802680000,41237.1761288988809887
1647802740000,41244.3367354224781040
1647802800000,41263.9979471963813849
1647802860000,41258.8857164057313086
1647802920000,41244.3684353406689980
1647802980000,41233.0560378700924950
1647803040000,41241.7971731941332628
1647803100000,41252.3754179484211553
1647803160000,41258.2638053582014795
1647803220000,41272.0106957936153052
1647803280000,41302.5324122282296075
1647803340000,41298.1366984941706900
1647803400000,41306.6584405027955343
1647803460000,41306.3257250546152615
1647803520000,41318.3684140609441390
1647803580000,41352.7125146671459229
1647803640000,41365.2169028387701672
1647803700000,41342.6174997978072160
1647803760000,41335.9368145561003175
1647803820000,41346.1041869157806324
1647803880000,41341.6708511847772535
1647803940000,41337.2738393279538809
1647804000000,41344.8742987716873611
1647804060000,41354.9776879039689696
1647804120000,41363.7987347175123564
1647804180000,41373.3013403149288953
1647804240000,41361.7890472437804226
1647804300000,41352.6029444110131762
1647804360000,41353.0729702485897978
1647804420000,41348.7424699933629298
1647804480000,41343.7659867403918075
1647804540000,41337.8804012488876788
1647804600000,41350.8856356627087570
1647804660000,41362.2580928510386791
1647804720000,41383.1029235885191711
1647804780000,41375.3318676929548456
1647804840000,41380.8558154881998995
1647804900000,41398.4516988596995755
1647804960000,41385.1739785237257994
1647805020000,41386.2934649963182299
1647805080000,41396.0686848988268240
1647805140000,41408.9163872801047171
1647805200000,41415.7005027357436616
1647805260000,41444.6661122501808200
1647805320000,41428.0300495879525544
1647805380000,41414.4286732063153456
1647805440000,41403.9296232624927601
1647805500000,41403.6857592832890024
1647805560000,41407.9477316348315313
1647805620000,41390.0201329516186636
1647805680000,41382.8159531568171892
1647805740000,41381.5308837315161741
1647805800000,41380.9804185416002791
1647805860000,41388.0331734193396874
1647805920000,41413.9504266149117646
1647805980000,41416.5512461382635585
1647806040000,41410.2043495212088379
1647806100000,41407.3200333048955661
1647806160000,41418.5820901288333225
1647806220000,41433.6113336543592344
1647806280000,41446.3453854078001773
1647806340000,41443.6040994440906093
1647806400000,41444.2783077895590727
1647806460000,41451.4209151432644693
1647806520000,41448.7393754594662354
1647806580000,41451.4836551095537355
1647806640000,41454.8944436478381127
1647806700000,41472.0432734107814180
1647806760000,41510.4879614785919763
1647806820000,41545.8470951741810167
1647806880000,41568.6705796135274394
1647806940000,41547.4549869092890569
1647807000000,41555.8579774744189948
1647807060000,41569.4069096908437826
1647807120000,41617.6228077722200773
1647807180000,41634.2132024818540124
1647807240000,41690.0687841926341277
1647807300000,41629.1379718241836702
1647807360000,41621.4725986818473382
1647807420000,41608.5361246251763474
1647807480000,41621.7776565785160544
1647807540000,41630.3157350831009511
1647807600000,41623.4632230112843023
1647807660000,41631.3398920512388503
1647807720000,41628.8474935359849420
1647807780000,41613.0311706526436886
1647807840000,41599.4538278697251525
1647807900000,41596.5846068984711733
1647807960000,41625.1993196445610850
1647808020000,41640.8045607997887186
1647808080000,41648.4615633131070697
1647808140000,41647.7419948418754873
1647808200000,41649.5917777768100222
1647808260000,41631.2961414367441299
1647808320000,41603.3281559513749507
1647808380000,41587.3881180778845063
1647808440000,41593.1640704742374410
1647808500000,41590.5929528544730249
1647808560000,41590.5993495103583587
1647808620000,41603.2625722744743601
1647808680000,41592.7983956130873841
1647808740000,41573.9801062868934014
1647808800000,41554.5564426990664064
1647808860000,41551.8519156891875051
1647808920000,41575.9447401047153120
1647808980000,41578.9677898548067589
1647809040000,41573.1391417372289021
1647809100000,41573.1699221651832427
1647809160000,41559.0259544354212517
1647809220000,41543.0281139808197993
1647809280000,41528.0544598689322796
1647809340000,41521.2717266585846149
1647809400000,41537.7664452565002669
1647809460000,41503.8143231224048703
1647809520000,41475.5224594240256455
1647809580000,41468.6463334912916830
1647809640000,41462.4393377237427325
1647809700000,41451.2604481519231440
1647809760000,41445.3468525985191135
1647809820000,41422.0203876440763143
1647809880000,41347.0237193143427808
1647809940000,41358.7534020484020651
1647810000000,41382.1020089278726290
1647810060000,41335.5012057874247662
1647810120000,41278.7550869545864876
1647810180000,41246.7895828360911811
1647810240000,41213.6635712529933509
1647810300000,41240.1947132201683007
1647810360000,41256.6397187216975096
1647810420000,41258.3086530476792331
1647810480000,41256.0029276174716803
1647810540000,41262.9719653319835426
1647810600000,41272.4231912584874774
1647810660000,41267.7612864259904039
1647810720000,41265.7945751118841900
1647810780000,41276.3269654017238459
1647810840000,41267.5236012199941319
1647810900000,41299.9965253860233486
1647810960000,41290.9898836189681448
1647811020000,41332.4781067753641984
1647811080000,41354.8738489140428264
1647811140000,41369.1282720945673066
1647811200000,41398.5144884668363991
1647811260000,41371.1304698776278975
1647811320000,41349.0003889751898055
1647811380000,41363.7546856083117835
1647811440000,41350.1044292504864274
1647811500000,41343.3767701787056430
1647811560000,41345.4799440427539897
1647811620000,41343.7920318163377997
1647811680000,41356.7832921607795050
1647811740000,41373.2878245375270351
1647811800000,41388.4207458999291772
1647811860000,41411.6744075009330193
1647811920000,41432.8890472646666895
1647811980000,41453.0256849086413054
1647812040000,41442.1953356045462577
1647812100000,41433.3670039148989882
1647812160000,41427.4004787190069033
1647812220000,41413.0469938928856060
1647812280000,41374.8383736943137794
1647812340000,41362.4325434251074916
1647812400000,41385.6669115483879757
1647812460000,41397.8525157553576633
1647812520000,41403.4292966389361668
1647812580000,41401.7553330647899933
1647812640000,41399.3867340575643642
1647812700000,41408.6809598050274393
1647812760000,41406.7500199496471975
1647812820000,41413.3118380809363181
1647812880000,41388.5267501898159558
1647812940000,41394.1763810837319261
1647813000000,41389.4682899648505239
1647813060000,41379.7908380698679236
1647813120000,41387.4252743470534651
1647813180000,41395.2946475671488385
1647813240000,41408.8946496952070933
1647813300000,41405.4901522130549989
1647813360000,41412.1654230598453329
1647813420000,41402.4491642426927676
1647813480000,41397.7111323660462104
1647813540000,41410.7748647293950342
1647813600000,41410.9352331958912729
1647813660000,41422.8905066336543351
1647813720000,41435.2225209957058483
1647813780000,41423.1880112001510863
1647813840000,41411.3875272854743058
1647813900000,41400.8094925129123035
1647813960000,41385.8140232722297668
1647814020000,41353.1081671714685693
1647814080000,41293.9647114943096733
1647814140000,41266.7444846105037375
1647814200000,41261.5156548639655489
1647814260000,41308.1029889659144317
1647814320000,41331.8782467630747393
1647814380000,41344.5630266127652456
1647814440000,41351.1049132920545796
1647814500000,41343.3155462429274099
1647814560000,41322.1287716511229013
1647814620000,41318.0519418266647263
1647814680000,41319.8467558132548754
1647814740000,41309.5056607205386322
1647814800000,41294.0786892238442867
1647814860000,41288.8556547018341287
1647814920000,41294.3771524483497034
1647814980000,41297.4770808236361003
1647815040000,41279.0415327428029979
1647815100000,41273.9372956790602515
1647815160000,41258.2619640498092276
1647815220000,41252.0972981666244416
1647815280000,41235.8017458664236159
1647815340000,41209.8842486774115127
1647815400000,41213.2679326049168743
1647815460000,41223.9075595067230686
1647815520000,41239.5491236572411499
1647815580000,41282.6890659586319288
1647815640000,41278.4283853431313382
1647815700000,41280.9415597401574453
1647815760000,41284.2768580547521927
1647815820000,41280.9704950722194361
1647815880000,41253.9571624885810932
1647815940000,41224.8967922827450162
1647816000000,41227.9515887750742605
1647816060000,41239.9778106928154081
1647816120000,41230.2350579371300887
1647816180000,41230.8497334864677266
1647816240000,41225.2666578793298422
1647816300000,41235.5683457256641057
1647816360000,41218.5212146315209500
1647816420000,41265.7091878086933315
1647816480000,41301.9445117720791943
1647816540000,41357.0572984122657058
1647816600000,41371.5770700249208182
1647816660000,41375.6435694027136065
1647816720000,41372.7498959457127081
1647816780000,41380.5867526922698708
1647816840000,41385.7164735839893496
1647816900000,41365.7812312901407301
1647816960000,41362.8579922570190158
1647817020000,41365.4195982199283775
1647817080000,41392.3395228522642466
1647817140000,41431.7866467180759655
1647817200000,41437.0514496876329452
1647817260000,41432.3567391370874462
1647817320000,41436.4849300338205266
1647817380000,41432.4688278576184067
1647817440000,41430.4165170551890399
1647817500000,41429.9805522313262823
1647817560000,41449.9427751054003081
1647817620000,41447.7331097206760645
1647817680000,41453.2618048055989165
1647817740000,41464.8947639568847421
1647817800000,41461.4357326846778814
1647817860000,41460.8300943273054007
1647817920000,41462.9351039440968210
1647817980000,41470.2984149565747294
1647818040000,41482.6562568824312322
1647818100000,41493.5994553790140286
1647818160000,41470.2025438728357186
1647818220000,41445.7380107165191490
1647818280000,41425.3462929558417332
1647818340000,41429.8871983989411398
1647818400000,41444.4219821285334153
1647818460000,41442.0715354637632955
1647818520000,41445.9246744507216995
1647818580000,41433.3382861069658013
1647818640000,41430.3653095921014490
1647818700000,41416.5912210367698611
1647818760000,41410.3861348614828216
1647818820000,41403.6511506261911413
1647818880000,41393.2668016996742039
1647818940000,41371.8817855838532330
1647819000000,41343.8724868926984910
1647819060000,41299.3880251001127185
1647819120000,41269.3967540714398378
1647819180000,41297.7582653111139493
1647819240000,41322.4153791522878668
1647819300000,41335.5762190491910798
1647819360000,41337.0604207619321079
1647819420000,41292.6143158374152570
1647819480000,41278.2384455434472217
1647819540000,41285.5145654444847786
1647819600000,41287.9263377303927207
1647819660000,41302.6724532483013007
1647819720000,41319.1345421572067103
1647819780000,41334.2973681295005030
1647819840000,41322.8422857235778282
1647819900000,41325.3403611033314107
1647819960000,41304.8446977725830724
1647820020000,41308.5777861326369537
1647820080000,41314.0606554658469939
1647820140000,41312.1441258796938299
1647820200000,41311.8644864095413519
1647820260000,41319.5895112160099589
1647820320000,41326.2009145525437331
1647820380000,41334.7294718629716039
1647820440000,41330.8898557048636234
1647820500000,41300.3200723617745720
1647820560000,41279.8447693183799669
1647820620000,41272.8154059231750179
1647820680000,41283.2298591322438718
1647820740000,41281.0018328174005540
1647820800000,41288.7710495310536668
1647820860000,41311.6593296841157903
1647820920000,41293.1651442995759402
1647820980000,41289.3523811662213469
1647821040000,41294.0816310033125106
1647821100000,41300.0844905957169670
1647821160000,41322.9495227185531918
1647821220000,41349.5618442335122385
1647821280000,41381.0610077003559307
1647821340000,41396.7027136061131651
1647821400000,41421.9550470880487979
1647821460000,41424.3289009964624921
1647821520000,41435.4132843093521107
1647821580000,41445.6888318932372945
1647821640000,41436.8534021618665044
1647821700000,41421.2036544858099012
1647821760000,41411.5626831689637326
1647821820000,41394.1156713762218824
1647821880000,41361.6129735949852856
1647821940000,41321.6303528299928481
1647822000000,41286.2329571493604731
1647822060000,41280.4567562678395478
1647822120000,41304.4133074881514729
1647822180000,41281.1206852614356033
1647822240000,41280.7445028543703417
1647822300000,41273.4043460285951295
1647822360000,41268.5327735575801318
1647822420000,41254.3764339158021150
1647822480000,41275.1908101800687664
1647822540000,41274.5537540731972234
1647822600000,41267.8906143235530153
1647822660000,41285.6233490334233932
1647822720000,41300.4409799282008733
1647822780000,41299.0526237060938536
1647822840000,41304.1688590349884771
1647822900000,41336.6717926792546625
1647822960000,41341.8018765001906079
1647823020000,41342.4843540728933749
1647823080000,41332.0851458324471385
1647823140000,41320.6908808202427290
1647823200000,41326.1758483540828759
1647823260000,41327.8069568595001167
1647823320000,41327.2410176961777739
1647823380000,41328.8313959604297620
1647823440000,41332.8212320888457235
1647823500000,41341.4046057325532871
1647823560000,41359.8932907331165071
1647823620000,41370.6298131672987178
1647823680000,41369.8100652243188160
1647823740000,41358.3895865183754690
1647823800000,41352.9028624661200258
1647823860000,41372.1110523409715187
1647823920000,41375.9927446438402889
1647823980000,41390.3309686549228097
1647824040000,41403.7714309780136717
1647824100000,41404.4206537578887627
1647824160000,41413.8225530870601426
1647824220000,41424.9452806961104079
1647824280000,41439.9799147091180971
1647824340000,41459.7393451805633807
1647824400000,41481.4160871176120673
1647824460000,41475.3100419096824032
1647824520000,41478.1917062259392018
1647824580000,41480.0596991653874267
1647824640000,41467.9327702231272858
1647824700000,41449.0515159156509362
1647824760000,41434.2015974429524484
1647824820000,41450.3786980239973677
1647824880000,41454.6568478709256236
1647824940000,41460.9182061299955538
1647825000000,41469.8825080447436054
1647825060000,41483.0546141256985119
1647825120000,41461.2393977419600206
1647825180000,41459.7981427896701301
1647825240000,41465.8500133439389947
1647825300000,41481.9299580805281865
1647825360000,41485.5987571153261690
1647825420000,41474.0170430735032473
1647825480000,41451.3204291188375764
1647825540000,41449.6333246255774416
1647825600000,41444.3280213437208052
1647825660000,41436.0550428005911681
1647825720000,41373.1903999904446491
1647825780000,41352.2620077451092535
1647825840000,41344.9835445180166412
1647825900000,41341.4668845335569341
1647825960000,41350.6059346844025727
1647826020000,41348.2072194990478739
1647826080000,41330.9795370591139305
1647826140000,41354.3412654942874440
1647826200000,41355.3853859108243242
1647826260000,41335.0689826420448948
1647826320000,41307.0738333162844637
1647826380000,41304.7805233665106091
1647826440000,41327.6497409575982470
1647826500000,41342.1820727718190153
1647826560000,41349.6345047353875329
1647826620000,41360.2824057020489112
1647826680000,41364.9331977820525044
1647826740000,41351.0810170078110903
1647826800000,41302.9559446591308554
1647826860000,41292.1307854546851969
1647826920000,41298.8506254709590549
1647826980000,41311.9840694740825834
1647827040000,41320.1971869916076408
1647827100000,41306.5237887071540222
1647827160000,41271.2272449388594747
1647827220000,41247.6040094900978561
1647827280000,41251.1718333659630335
1647827340000,41253.3840824817110434
1647827400000,41247.9480431935146168
1647827460000,41256.3718473013439200
1647827520000,41250.1215271755407825
1647827580000,41254.2094191346116049
1647827640000,41253.9476876389414669
1647827700000,41251.4328137972613210
1647827760000,41242.4105402255924768
1647827820000,41242.6197289958272388
1647827880000,41245.4309383471779426
1647827940000,41249.7698355810541539
1647828000000,41267.3354074182154843
1647828060000,41293.1920249938177984
1647828120000,41306.9499820832052733
1647828180000,41313.6484818348212222
1647828240000,41300.7628078203394667
1647828300000,41304.4047823769587518
1647828360000,41288.4149599716322975
1647828420000,41290.2434682527518313
1647828480000,41304.5473423967216926
1647828540000,41322.8073390605561122
1647828600000,41341.3711139242091709
1647828660000,41349.8594712156078747
1647828720000,41342.8011217635538512
1647828780000,41334.9600379841117151
1647828840000,41335.2927891491137142
1647828900000,41326.3422732108998834
1647828960000,41314.4322259959336110
1647829020000,41294.0634236456997463
1647829080000,41263.9111144808626502
